,Team,i,goals_scored,goals_lost
0,Arsenal,1,74,51
1,Brighton,2,34,54
2,Chelsea,3,62,38
3,Crystal Palace,4,45,55
4,Everton,5,44,58
5,Southampton,6,37,56
6,Watford,7,44,64
7,West Brom,8,31,56
8,Man United,9,68,28
9,Newcastle,10,39,47
10,Bournemouth,11,45,61
11,Burnley,12,36,39
12,Leicester,13,56,60
13,Liverpool,14,84,38
14,Stoke,15,35,68
15,Swansea,16,28,56
16,Huddersfield,17,28,58
17,Tottenham,18,74,36
18,Man City,19,106,27
19,West Ham,20,48,68
